<?xml version="1.0" encoding="UTF-8"?>
<root>
  <item name="com.anarchy.classify.ClassifyView mRegion">
    <annotation name="android.support.annotation.IntDef">
      <val name="value" val="{com.anarchy.classify.ClassifyView.IN_MAIN_REGION, com.anarchy.classify.ClassifyView.IN_SUB_REGION, com.anarchy.classify.ClassifyView.UNKNOWN_REGION, com.anarchy.classify.ClassifyView.SUB_REGION_LEAVE_TYPE}" />
      <val name="flag" val="true" />
    </annotation>
  </item>
  <item name="com.anarchy.classify.ClassifyView mState">
    <annotation name="android.support.annotation.IntDef">
      <val name="value" val="{com.anarchy.classify.ClassifyView.STATE_IDLE, com.anarchy.classify.ClassifyView.STATE_DRAG, com.anarchy.classify.ClassifyView.STATE_SETTLE}" />
    </annotation>
  </item>
  <item name="com.anarchy.classify.ClassifyView void setDragGravity(int) 0">
    <annotation name="android.support.annotation.IntDef">
      <val name="value" val="{com.anarchy.classify.ClassifyView.CENTER, com.anarchy.classify.ClassifyView.LEFT_TOP, com.anarchy.classify.ClassifyView.RIGHT_TOP, com.anarchy.classify.ClassifyView.LEFT_BOTTOM, com.anarchy.classify.ClassifyView.RIGHT_BOTTOM}" />
    </annotation>
  </item>
  <item name="com.anarchy.classify.ClassifyView void setViewPivot(android.view.View, int) 1">
    <annotation name="android.support.annotation.IntDef">
      <val name="value" val="{com.anarchy.classify.ClassifyView.CENTER, com.anarchy.classify.ClassifyView.LEFT_TOP, com.anarchy.classify.ClassifyView.RIGHT_TOP, com.anarchy.classify.ClassifyView.LEFT_BOTTOM, com.anarchy.classify.ClassifyView.RIGHT_BOTTOM}" />
    </annotation>
  </item>
  <item name="com.anarchy.classify.ClassifyView.DragListener void onDragEnd(android.view.ViewGroup, int) 1">
    <annotation name="android.support.annotation.IntDef">
      <val name="value" val="{com.anarchy.classify.ClassifyView.IN_MAIN_REGION, com.anarchy.classify.ClassifyView.IN_SUB_REGION, com.anarchy.classify.ClassifyView.UNKNOWN_REGION, com.anarchy.classify.ClassifyView.SUB_REGION_LEAVE_TYPE}" />
      <val name="flag" val="true" />
    </annotation>
  </item>
  <item name="com.anarchy.classify.ClassifyView.DragListener void onDragRelease(android.view.ViewGroup, float, float, int) 3">
    <annotation name="android.support.annotation.IntDef">
      <val name="value" val="{com.anarchy.classify.ClassifyView.IN_MAIN_REGION, com.anarchy.classify.ClassifyView.IN_SUB_REGION, com.anarchy.classify.ClassifyView.UNKNOWN_REGION, com.anarchy.classify.ClassifyView.SUB_REGION_LEAVE_TYPE}" />
      <val name="flag" val="true" />
    </annotation>
  </item>
  <item name="com.anarchy.classify.ClassifyView.DragListener void onDragStart(android.view.ViewGroup, android.view.View, float, float, int) 4">
    <annotation name="android.support.annotation.IntDef">
      <val name="value" val="{com.anarchy.classify.ClassifyView.IN_MAIN_REGION, com.anarchy.classify.ClassifyView.IN_SUB_REGION, com.anarchy.classify.ClassifyView.UNKNOWN_REGION, com.anarchy.classify.ClassifyView.SUB_REGION_LEAVE_TYPE}" />
      <val name="flag" val="true" />
    </annotation>
  </item>
  <item name="com.anarchy.classify.ClassifyView.DragListener void onMove(android.view.ViewGroup, float, float, int) 3">
    <annotation name="android.support.annotation.IntDef">
      <val name="value" val="{com.anarchy.classify.ClassifyView.IN_MAIN_REGION, com.anarchy.classify.ClassifyView.IN_SUB_REGION, com.anarchy.classify.ClassifyView.UNKNOWN_REGION, com.anarchy.classify.ClassifyView.SUB_REGION_LEAVE_TYPE}" />
      <val name="flag" val="true" />
    </annotation>
  </item>
  <item name="com.anarchy.classify.ClassifyView.MoveState">
    <annotation name="android.support.annotation.IntDef">
      <val name="value" val="{com.anarchy.classify.ClassifyView.MOVE_STATE_NONE, com.anarchy.classify.ClassifyView.MOVE_STATE_MOVE, com.anarchy.classify.ClassifyView.MOVE_STATE_MERGE}" />
    </annotation>
  </item>
</root>

